{
  "train_loss": [
    4.474519957213512,
    3.6982327573763656,
    3.2721360136966893,
    2.965911842710508,
    2.6510470562642166,
    2.4391752879808446,
    2.256366962499351,
    2.0662949094333665,
    1.9301783457250878,
    1.7920386677626337,
    1.695947933610123,
    1.5901258793281448,
    1.4930872596161004,
    1.414004495816164,
    1.3568969813817897,
    1.273734434996501,
    1.2625587215407355,
    1.2074150409205224,
    1.149105566203373,
    1.1210288866376965,
    1.0764940603829847,
    1.0540106231930724,
    1.026475913751188,
    1.0123707733236917,
    0.9415066505416539,
    0.8947626832617515,
    0.9064814502614621,
    0.8324424386218117,
    0.8567634587876941,
    0.8153749110450716,
    0.7975976723768801,
    0.757653413297418,
    0.7329655514343061,
    0.7698399891090201,
    0.7148742408329535,
    0.725516280208533,
    0.709082541862432
  ],
  "train_species_acc": [
    5.592241023524556,
    15.16714816343376,
    24.51506397028477,
    29.71522905489063,
    39.001238134543954,
    43.809327280231116,
    47.25546842756913,
    52.393726784977304,
    54.70491126702435,
    57.96533223276929,
    59.55427156417664,
    61.94799834915394,
    64.09409822534049,
    66.07511349566653,
    67.10689228229468,
    68.55138258357408,
    69.02600082542303,
    70.18159306644655,
    71.56417664052827,
    71.68799009492365,
    72.98803136607512,
    74.10235245563351,
    74.3912505158894,
    74.30870821295915,
    76.22781675608749,
    77.65167148163434,
    77.36277342137846,
    79.09616178291374,
    78.51836566240198,
    79.59141560049525,
    79.59141560049525,
    80.45810978126289,
    81.42798184069335,
    80.37556747833264,
    81.9026000825423,
    81.84069335534461,
    82.41848947585638
  ],
  "train_health_acc": [
    94.53157243087082,
    100.0,
    100.0,
    100.0,
    100.0,
    100.0,
    100.0,
    100.0,
    100.0,
    100.0,
    100.0,
    100.0,
    100.0,
    100.0,
    100.0,
    100.0,
    100.0,
    100.0,
    100.0,
    100.0,
    100.0,
    100.0,
    100.0,
    100.0,
    100.0,
    100.0,
    100.0,
    100.0,
    100.0,
    100.0,
    100.0,
    100.0,
    100.0,
    100.0,
    100.0,
    100.0,
    100.0
  ],
  "val_loss": [
    4.260808642520461,
    3.8055895636248036,
    3.399443966011668,
    3.2946062614751415,
    3.0493584108907124,
    2.745776205561882,
    2.6151505445325096,
    2.693477364820103,
    2.5276039769483165,
    2.4975489398767783,
    2.5128791858983592,
    2.557398167113925,
    2.5455904121315758,
    2.6374750871991,
    2.551034870362559,
    2.2821110947880636,
    2.4657158369934837,
    2.483873568301977,
    2.533893762806127,
    2.7544981322662774,
    2.405059956880503,
    2.5377386608269323,
    2.4701769909886426,
    2.4449627628160076,
    2.6806830167770386,
    2.458905282755231,
    2.393321787981793,
    2.494259548005323,
    2.757869037864513,
    2.5895064882067746,
    2.7732042334107465,
    2.7886665574339933,
    2.740834165364504,
    2.707625039701545,
    2.6540337452708287,
    2.568374960574993,
    2.686764534909365
  ],
  "val_species_acc": [
    8.905109489051094,
    14.306569343065693,
    25.547445255474454,
    25.985401459854014,
    30.94890510948905,
    34.306569343065696,
    34.5985401459854,
    33.722627737226276,
    36.2043795620438,
    36.058394160583944,
    35.76642335766423,
    38.1021897810219,
    37.66423357664234,
    37.66423357664234,
    37.66423357664234,
    42.043795620437955,
    39.12408759124087,
    38.394160583941606,
    42.481751824817515,
    37.372262773722625,
    42.91970802919708,
    41.167883211678834,
    43.21167883211679,
    43.64963503649635,
    41.02189781021898,
    44.52554744525548,
    44.96350364963504,
    43.35766423357664,
    38.54014598540146,
    40.87591240875913,
    38.54014598540146,
    40.14598540145985,
    40.0,
    39.56204379562044,
    42.33576642335766,
    41.605839416058394,
    41.167883211678834
  ],
  "val_health_acc": [
    100.0,
    100.0,
    100.0,
    100.0,
    100.0,
    100.0,
    100.0,
    100.0,
    100.0,
    100.0,
    100.0,
    100.0,
    100.0,
    100.0,
    100.0,
    100.0,
    100.0,
    100.0,
    100.0,
    100.0,
    100.0,
    100.0,
    100.0,
    100.0,
    100.0,
    100.0,
    100.0,
    100.0,
    100.0,
    100.0,
    100.0,
    100.0,
    100.0,
    100.0,
    100.0,
    100.0,
    100.0
  ]
}